<?xml version="1.0" encoding="UTF-8"?>
<showroom>
	<cars>
		<car vin='101'>
			<model>X1</model>
			<make>BMW</make>
			<price>1400000</price>
			<color>Red</color>
			<year>2010</year>
			<available>true</available>
			<sales>
				<year value='2003'>
					<sale>1000</sale>
				</year>
				<year value='2006'>
					<sale>7000</sale>
				</year>
				<year value='2008'>
					<sale>9000</sale>
				</year>
			</sales>
		</car>
		<car vin='102'>
			<model>X5</model>
			<make>BMW</make>
			<price>7400000</price>
			<color>Black</color>
			<year>2019</year>
			<available>true</available>
			<sales>
				<year value='2003'>
					<sale>1000</sale>
				</year>
				<year value='2006'>
					<sale>7000</sale>
				</year>
				<year value='2008'>
					<sale>9000</sale>
				</year>
			</sales>
		</car>
		<car vin='103'>
			<model>X2</model>
			<make>BMW</make>
			<price>7000000</price>
			<color>Black</color>
			<year>2012</year>
			<available>true</available>
			<sales>
				<year value='2003'>
					<sale>1000</sale>
				</year>
				<year value='2006'>
					<sale>7000</sale>
				</year>
				<year value='2008'>
					<sale>9000</sale>
				</year>
			</sales>
		</car>
		<car vin='104'>
			<model>Q5</model>
			<make>Audi</make>
			<price>1900000</price>
			<color>Yellow</color>
			<year>2005</year>
			<available>true</available>
			<sales>
				<year value='2003'>
					<sale>100</sale>
				</year>
				<year value='2006'>
					<sale>200</sale>
				</year>
				<year value='2008'>
					<sale>900</sale>
				</year>
			</sales>
		</car>
		<car vin='105'>
			<model>A2</model>
			<make>Audi</make>
			<price>4500000</price>
			<color>Black</color>
			<year>2015</year>
			<available>true</available>
			<sales>
				<year value='2003'>
					<sale>1000</sale>
				</year>
				<year value='2006'>
					<sale>7000</sale>
				</year>
				<year value='2008'>
					<sale>300</sale>
				</year>
			</sales>
		</car>
		<car vin='106'>
			<model>XF</model>
			<make>Jaguar</make>
			<price>8000000</price>
			<color>Red</color>
			<year>2018</year>
			<available>true</available>
			<sales>
				<year value='2018'>
					<sale>1090</sale>
				</year>
				<year value='2019'>
					<sale>8000</sale>
				</year>
				<year value='2020'>
					<sale>10</sale>
				</year>
			</sales>
		</car>
		<car vin='107'>
			<model>A4</model>
			<make>audi</make>
			<price>800000</price>
			<color>Yellow</color>
			<year>2006</year>
			<available>true</available>
			<sales>
				<year value='2006'>
					<sale>1000</sale>
				</year>
				<year value='2008'>
					<sale>7000</sale>
				</year>
				<year value='2010'>
					<sale>9000</sale>
				</year>
			</sales>
		</car>
		<car vin='108'>
			<model>A1</model>
			<make>audi</make>
			<price>670000</price>
			<color>Black</color>
			<year>2010</year>
			<available>true</available>
			<sales>
				<year value='2010'>
					<sale>10</sale>
				</year>
				<year value='2016'>
					<sale>700</sale>
				</year>
				<year value='2018'>
					<sale>600</sale>
				</year>
			</sales>
		</car>
	</cars>
</showroom>
