<?xml version="1.0" encoding="UTF-8"?>
	<global-sales>
		<car-sales brand="BMW"><name>X1</name><total-sales>17000</total-sales></car-sales>
		<car-sales brand="BMW"><name>X5</name><total-sales>17000</total-sales></car-sales>
		<car-sales brand="BMW"><name>X2</name><total-sales>17000</total-sales></car-sales>
		<car-sales brand="Audi"><name>Q5</name><total-sales>1200</total-sales></car-sales>
		<car-sales brand="Audi"><name>A2</name><total-sales>8300</total-sales></car-sales>
		<car-sales brand="Jaguar"><name>XF</name><total-sales>9100</total-sales></car-sales>
		<car-sales brand="audi"><name>A4</name><total-sales>17000</total-sales></car-sales>
		<car-sales brand="audi"><name>A1</name><total-sales>1310</total-sales></car-sales>
	</global-sales>
