<?xml version='1.0' encoding='UTF-8'?>
<!-- PI linking/referencing to xsl stylesheet -->
<?xml-stylesheet type="text/xsl" href="students.xsl"?>
<!-- Document holding inforrmation about students and their marks -->
<students>
	<student rollno='100'>
		<name>
			<first>Rohan</first>
			<last>Singh</last>
			<nick>Rooh</nick>
		</name>
		<marks>
			<english>90</english>
			<math>92</math>
		</marks>
	</student>
	<student rollno='101'>
		<name>
			<first>Jaggu</first>
			<last>Singh</last>
			<nick>Jac</nick>
		</name>
		<marks>
			<english>60</english>
			<math>82</math>
		</marks>
	</student>
	<student rollno='102'>
		<name>
			<first>Aman</first>
			<last>Malhotra</last>
			<nick>Amy</nick>
		</name>
		<marks>
			<english>70</english>
			<math>95</math>
		</marks>
	</student>
	<student rollno='103'>
		<name>
			<first>Shyam</first>
			<last>Singh</last>
			<nick>Shamu</nick>
		</name>
		<marks>
			<english>85</english>
			<math>45</math>
		</marks>
	</student>
	<student rollno='104'>
		<name>
			<first>Mayank</first>
			<last>Arora</last>
			<nick>Mayu</nick>
		</name>
		<marks>
			<english>56</english>
			<math>95</math>
		</marks>
	</student>
	<student rollno='105'>
		<name>
			<first>Jackline</first>
			<last>Malhotra</last>
			<nick>Jack</nick>
		</name>
		<marks>
			<english>86</english>
			<math>65</math>
		</marks>
	</student>
</students>